{
  "low_threshold": 0.024037576247565116,
  "medium_threshold": 0.03166250476419535,
  "high_threshold": 0.03928743328082558,
  "sudden_increase": 5.0,
  "daily_max": 5.0,
  "monthly_max": 200.0,
  "method": "config_adjusted"
}