{
  "low_threshold": 0.024616086504374596,
  "medium_threshold": 0.03235633239342969,
  "high_threshold": 0.040096578282484786,
  "sudden_increase": 5.0,
  "daily_max": 5.0,
  "monthly_max": 200.0,
  "method": "config_adjusted"
}