{
  "low_threshold": 0.28808453497228503,
  "medium_threshold": 0.3676786047692483,
  "high_threshold": 0.44727267456621156,
  "sudden_increase": 5.0,
  "daily_max": 5.0,
  "monthly_max": 200.0,
  "method": "config_adjusted"
}