{
  "low_threshold": 0.03926406846835339,
  "medium_threshold": 0.05157689749268824,
  "high_threshold": 0.0638897265170231,
  "sudden_increase": 5.0,
  "daily_max": 5.0,
  "monthly_max": 200.0,
  "method": "config_adjusted"
}